{
  "train_losses": [
    0.6700833180694351,
    0.3792838034986112,
    0.28566877054155637,
    0.2557532811849758,
    0.22649352932107136,
    0.2085689262287707,
    0.19316467148185484,
    0.17445491823818268,
    0.14927783219114274,
    0.13345474595772136,
    0.2701763149880978,
    0.22896937182772722,
    0.19885290392926822,
    0.1998161735321184,
    0.1953705147536034,
    0.18851702515481306,
    0.17635804612698355,
    0.16575665000199463,
    0.1605761824895141,
    0.13171447399006372,
    0.12637800129707133,
    0.11501597755216346,
    0.10132950826325321,
    0.08399943834857845,
    0.07780883267832135,
    0.06850962350437331,
    0.06203861880342598,
    0.062089979296527,
    0.053669901545968596,
    0.04793685754794227,
    0.1637620782299194
  ],
  "val_losses": [
    0.5223954850275038,
    0.3787158357489546,
    0.27113071192446625,
    0.2815088523814249,
    0.3398488161239923,
    0.29347716371964866,
    0.3300970632188768,
    0.31288101641664484,
    0.3006347704764359,
    0.315424260256296,
    0.26285263248181595,
    0.3255401512968524,
    0.34752510162304706,
    0.34831075122904515,
    0.5036301998120892,
    0.2546076326457373,
    0.3195163861085548,
    0.3669372146990608,
    0.34788029809480914,
    0.3471974282165628,
    0.4126684327053781,
    0.35910398454642883,
    0.42223434897524553,
    0.3798263326806576,
    0.4686419617704876,
    0.4466438961016585,
    0.46635050197044436,
    0.4770519756395546,
    0.48428868667311475,
    0.4807618508436416,
    0.3491412425548518
  ],
  "train_accuracies": [
    77.7836656289329,
    95.50904153143009,
    97.3305954825462,
    98.07246472809167,
    98.37716102536928,
    98.60237133205273,
    98.71497648539444,
    98.76796714579055,
    98.97330595482546,
    99.0461681128701,
    97.95323574220043,
    98.2844273696761,
    98.52288534145856,
    98.51626150890905,
    98.48976617871101,
    98.72822415049347,
    98.64873815989932,
    98.72822415049347,
    98.72822415049347,
    98.80771014108764,
    98.82095780618666,
    99.03292044777108,
    99.0395442803206,
    99.06603961051864,
    99.20514009405842,
    99.19851626150891,
    99.2978737497516,
    99.37735974034577,
    99.42372656819235,
    99.43035040074187,
    98.58249983440419
  ],
  "val_accuracies": [
    95.12453630100688,
    97.111817700053,
    97.40328563857976,
    97.69475357710652,
    98.09220985691574,
    98.01271860095389,
    98.25119236883943,
    98.11870694223636,
    98.01271860095389,
    97.98622151563328,
    98.06571277159513,
    98.11870694223636,
    98.09220985691574,
    98.14520402755697,
    97.4827768945416,
    97.64175940646528,
    97.8272390037096,
    98.27768945416004,
    98.1981981981982,
    98.3836777954425,
    98.33068362480127,
    98.06571277159513,
    97.6682564917859,
    98.01271860095389,
    98.27768945416004,
    97.90673025967143,
    98.03921568627452,
    98.03921568627452,
    97.98622151563328,
    97.98622151563328,
    96.92633810280869
  ],
  "timestamp": "2026-02-02T07:39:27.231890"
}